<ImportExportXml version="9.2.24062.142" SolutionPackageVersion="9.2" languagecode="1033" generatedBy="CrmLive" xmlns:xsi="http://www.w3.org/2001/XMLSchema-instance">
  <SolutionManifest>
    <UniqueName>FormResponsetoOutlookEvent</UniqueName>
    <LocalizedNames>
      <LocalizedName description="Form Response to Outlook Event" languagecode="1033" />
    </LocalizedNames>
    <Descriptions />
    <Version>1.0.0.3</Version>
    <Managed>0</Managed>
    <Publisher>
      <UniqueName>JCBX</UniqueName>
      <LocalizedNames>
        <LocalizedName description="JCBX" languagecode="1033" />
      </LocalizedNames>
      <Descriptions />
      <EMailAddress xsi:nil="true"></EMailAddress>
      <SupportingWebsiteUrl xsi:nil="true"></SupportingWebsiteUrl>
      <CustomizationPrefix>jcbx</CustomizationPrefix>
      <CustomizationOptionValuePrefix>31055</CustomizationOptionValuePrefix>
      <Addresses />
    </Publisher>
    <RootComponents>
      <RootComponent type="29" id="{0c1b9a04-ce30-ef11-8e4e-000d3aff362a}" behavior="0" />
    </RootComponents>
    <MissingDependencies>
      <MissingDependency>
        <Required type="connectionreference" displayName="new_sharedoffice365_4cc51" solution="Active" id.connectionreferencelogicalname="new_sharedoffice365_4cc51" />
        <Dependent type="29" displayName="Form response - Add Outlook Attendee to Event" id="{0c1b9a04-ce30-ef11-8e4e-000d3aff362a}" />
      </MissingDependency>
    </MissingDependencies>
  </SolutionManifest>
</ImportExportXml>