{"name":"b331ac5b-8d96-4077-a097-209545a62c5f","id":"/providers/Microsoft.Flow/flows/b331ac5b-8d96-4077-a097-209545a62c5f","type":"Microsoft.Flow/flows","properties":{"apiId":"/providers/Microsoft.PowerApps/apis/shared_logicflows","displayName":"Support Info for  Teams User - For Export","definition":{"metadata":{"workflowEntityId":null,"processAdvisorMetadata":null,"flowChargedByPaygo":null,"flowclientsuspensionreason":"None","flowclientsuspensiontime":null,"flowclientsuspensionreasondetails":null,"creator":{"id":"67029617-c8ae-4bd1-b424-71d34c923a88","type":"User","tenantId":"b2bae154-d75a-40ca-8e47-f5aa957802c5"},"provisioningMethod":"FromDefinition","failureAlertSubscription":true,"clientLastModifiedTime":"2024-02-17T03:14:16.5086828Z","connectionKeySavedTimeKey":"2024-02-17T03:14:16.5086828Z"},"$schema":"https://schema.management.azure.com/providers/Microsoft.Logic/schemas/2016-06-01/workflowdefinition.json#","contentVersion":"1.0.0.0","parameters":{"$connections":{"defaultValue":{},"type":"Object"},"$authentication":{"defaultValue":{},"type":"SecureObject"}},"triggers":{"manual":{"metadata":{"operationMetadataId":"afd39f79-d1c3-4430-9eba-eecf986b766a","flowSystemMetadata":{"swaggerOperationId":"ForASelectedMessageV2","taskModuleWidth":null,"taskModuleHeight":null,"inputsAdaptiveCard":"{}"}},"type":"Request","kind":"ApiConnection","inputs":{"schema":{"type":"object","properties":{"teamsFlowRunContext":{"type":"object","properties":{"messagePayload":{"type":"object","properties":{"from":{"type":"object","properties":{"user":{"type":"object","properties":{"displayName":{"title":"Sender User Display Name","type":"string"},"id":{"title":"Sender User ID","type":"string"}},"required":[]}},"required":[]}},"required":[]}}}},"required":["teamsFlowRunContext"]},"host":{"connection":{"name":"@parameters('$connections')['shared_teams']['connectionId']"},"api":{"runtimeUrl":"https://canada-001.azure-apim.net/apim/teams"}},"operationId":"ForASelectedMessageV2","parameters":{"inputsAdaptiveCard":"{}"}}}},"actions":{"Post_message_in_a_chat_or_channel":{"runAfter":{"Flow_URL":["Succeeded"]},"metadata":{"operationMetadataId":"e86f1880-8c33-41ae-8fc5-fe31d99ebffc"},"type":"OpenApiConnection","inputs":{"host":{"apiId":"/providers/Microsoft.PowerApps/apis/shared_teams","connectionName":"shared_teams","operationId":"PostMessageToConversation"},"parameters":{"poster":"Flow bot","location":"Chat with Flow bot","body/recipient":"@{outputs('Get_my_profile_(V2)')?['body/mail']};","body/messageBody":"<p>Sign-in logs for @{triggerBody()?['teamsFlowRunContext']?['messagePayload']?['from']?['user']?['displayName']} can be found at - <a href=\"@{outputs('URL_for_AAD_SignIn')}\">Link</a>&nbsp;</p>\n<p>Sent by this <a href=\"@{outputs('Flow_URL')}\">flow</a>&nbsp;<br>\n</p>"},"authentication":{"value":"@json(decodeBase64(triggerOutputs().headers['X-MS-APIM-Tokens']))['$ConnectionKey']","type":"Raw"}}},"Get_my_profile_(V2)":{"runAfter":{"Init_Variable_for_Flow_ID_-_Set_this":["Succeeded"]},"metadata":{"operationMetadataId":"766be1b0-66cb-4d3d-8bac-9df743622a28"},"type":"OpenApiConnection","inputs":{"host":{"apiId":"/providers/Microsoft.PowerApps/apis/shared_office365users","connectionName":"shared_office365users","operationId":"MyProfile_V2"},"parameters":{},"authentication":{"value":"@json(decodeBase64(triggerOutputs().headers['X-MS-APIM-Tokens']))['$ConnectionKey']","type":"Raw"}}},"Init_Variable_for_Flow_Environment_-_Set_this":{"runAfter":{},"metadata":{"operationMetadataId":"a84b3c72-ff42-4fc6-8201-2aa7fba33a29"},"type":"InitializeVariable","inputs":{"variables":[{"name":"vEnvironment","type":"string","value":"Set this value as per the note"}]},"description":"***SET This***  Look in the URL at the top after enviroments/"},"Init_Variable_for_Flow_ID_-_Set_this":{"runAfter":{"Init_Variable_for_Flow_Environment_-_Set_this":["Succeeded"]},"metadata":{"operationMetadataId":"dbdcc425-a7ef-4012-bc1e-45d3b672b776"},"type":"InitializeVariable","inputs":{"variables":[{"name":"vFlowID","type":"string","value":"Set this value as per the note"}]},"description":"***SET This***  Look in the URL at the top after flows/"},"URL_for_AAD_SignIn":{"runAfter":{"Get_my_profile_(V2)":["Succeeded"]},"metadata":{"operationMetadataId":"a2b7275f-21ee-4e9c-8d7d-caecf75237e0"},"type":"Compose","inputs":"https://aad.portal.azure.com/#view/Microsoft_AAD_UsersAndTenants/UserProfileMenuBlade/~/SignIns/userId/@{triggerBody()?['teamsFlowRunContext']?['messagePayload']?['from']?['user']?['id']}/hidePreviewBanner~/true","description":"Used in Post Message"},"Flow_URL":{"runAfter":{"URL_for_AAD_SignIn":["Succeeded"]},"metadata":{"operationMetadataId":"cbffaf2c-e9c7-485e-b35a-e1d695638e56"},"type":"Compose","inputs":"https://make.powerautomate.com/environments/@{variables('vEnvironment')}/flows/@{variables('vFlowID')}?v3=false&reason=fromV3","description":"Used in Post Message to be able to get to this flow easily"}},"outputs":{}},"connectionReferences":{"shared_teams":{"connectionName":"765585565892435eaa457cdd95ee41c8","source":"Invoker","id":"/providers/Microsoft.PowerApps/apis/shared_teams","tier":"NotSpecified"},"shared_office365users":{"connectionName":"6ec7988ba5014e6e9aca25c8cda9f040","source":"Invoker","id":"/providers/Microsoft.PowerApps/apis/shared_office365users","tier":"NotSpecified"}},"flowFailureAlertSubscribed":false,"isManaged":false}}