{"name":"81c3a3f4-710b-4d4e-a63b-38ba169d7d44","id":"/providers/Microsoft.Flow/flows/81c3a3f4-710b-4d4e-a63b-38ba169d7d44","type":"Microsoft.Flow/flows","properties":{"apiId":"/providers/Microsoft.PowerApps/apis/shared_logicflows","displayName":"OneDrive Recording to Teams","definition":{"metadata":{"workflowEntityId":null,"processAdvisorMetadata":null,"flowChargedByPaygo":null,"flowclientsuspensionreason":"None","flowclientsuspensiontime":null,"flowclientsuspensionreasondetails":null,"creator":{"id":"a089c62e-15e2-4317-943b-cde263adf67d","type":"User","tenantId":"71f42b3d-25f0-4d07-8db4-d3ad4063d0a0"},"provisioningMethod":"FromDefinition","failureAlertSubscription":true,"clientLastModifiedTime":"2024-01-09T02:21:38.1076815Z","connectionKeySavedTimeKey":"2024-01-09T02:21:38.1076815Z"},"$schema":"https://schema.management.azure.com/providers/Microsoft.Logic/schemas/2016-06-01/workflowdefinition.json#","contentVersion":"1.0.0.0","parameters":{"$connections":{"defaultValue":{},"type":"Object"},"$authentication":{"defaultValue":{},"type":"SecureObject"}},"triggers":{"When_a_file_is_created_(properties_only)":{"recurrence":{"frequency":"Minute","interval":5},"splitOn":"@triggerOutputs()?['body']","metadata":{"b!bdDoyK3FnECqZ014Bg93sZeoHqIIWeBAgzLCu4nc47YCBxd_OYm9TbNBnb1i0rp-.01V4NUTDQDE7CS53RLMBEIP6XQMNDS565G":"/Recordings","operationMetadataId":"6ff7035e-1fa7-4dd5-a050-fff9ba739402","b!Ev4DQPryW0ebnmf3VmpCUwjnP7unL15Al7N3nCnjT5SWpnZpSFXIRK-EOdVS8CL1.01W5VWYSJMPJTT2EODXJBZMH47ZNRCSMLR":"/Recordings"},"type":"OpenApiConnection","inputs":{"host":{"apiId":"/providers/Microsoft.PowerApps/apis/shared_onedriveforbusiness","connectionName":"shared_onedriveforbusiness","operationId":"OnNewFilesV2"},"parameters":{"folderId":"b!Ev4DQPryW0ebnmf3VmpCUwjnP7unL15Al7N3nCnjT5SWpnZpSFXIRK-EOdVS8CL1.01W5VWYSJMPJTT2EODXJBZMH47ZNRCSMLR","includeSubfolders":false,"maxFileCount":10},"authentication":"@parameters('$authentication')"}}},"actions":{"Get_file_content_using_path":{"runAfter":{"Search_for_users_(V2)":["Succeeded"]},"metadata":{"operationMetadataId":"e5bb37de-f60d-4904-87a1-3e1ab4966eb3"},"type":"OpenApiConnection","inputs":{"host":{"apiId":"/providers/Microsoft.PowerApps/apis/shared_onedriveforbusiness","connectionName":"shared_onedriveforbusiness","operationId":"GetFileContentByPath"},"parameters":{"path":"@outputs('Get_file_metadata')?['body/Path']"},"authentication":"@parameters('$authentication')"}},"List_teams":{"runAfter":{"Get_file_content_using_path":["Succeeded"]},"metadata":{"operationMetadataId":"3267f8f9-b971-4079-898a-c3ac4519e8b2"},"type":"OpenApiConnection","inputs":{"host":{"apiId":"/providers/Microsoft.PowerApps/apis/shared_teams","connectionName":"shared_teams","operationId":"GetAllTeams"},"parameters":{},"authentication":"@parameters('$authentication')"}},"Get_file_metadata":{"runAfter":{"Initialize_variable_FileName":["Succeeded"]},"metadata":{"operationMetadataId":"8b528eec-60c6-4cf0-8a20-dfa75b2414a6"},"type":"OpenApiConnection","inputs":{"host":{"apiId":"/providers/Microsoft.PowerApps/apis/shared_onedriveforbusiness","connectionName":"shared_onedriveforbusiness","operationId":"GetFileMetadata"},"parameters":{"id":"@triggerOutputs()?['body/Id']"},"authentication":"@parameters('$authentication')"}},"Initialize_variable":{"runAfter":{},"metadata":{"operationMetadataId":"dd269449-2e7d-4b4a-910b-b9ca2e03fc1a"},"type":"InitializeVariable","inputs":{"variables":[{"name":"vJsonForAdaptiveCard","type":"array"}]}},"Apply_to_each":{"foreach":"@outputs('List_teams')?['body/value']","actions":{"Append_to_array_variable":{"runAfter":{},"metadata":{"operationMetadataId":"2bb37bd0-c1ad-417f-b96f-3ccd89696d3f"},"type":"AppendToArrayVariable","inputs":{"name":"vJsonForAdaptiveCard","value":{"title":"@{item()?['displayName']}","value":"@{item()?['id']}"}}}},"runAfter":{"List_teams":["Succeeded"]},"metadata":{"operationMetadataId":"06ac98bc-f6df-4a0d-bc48-05dee3818eae"},"type":"Foreach"},"Search_for_users_(V2)":{"runAfter":{"Get_file_metadata":["Succeeded"]},"metadata":{"operationMetadataId":"0513b341-91f8-4510-ba7a-28669e175fee"},"type":"OpenApiConnection","inputs":{"host":{"apiId":"/providers/Microsoft.PowerApps/apis/shared_office365users","connectionName":"shared_office365users","operationId":"SearchUserV2"},"parameters":{"searchTerm":"@outputs('Get_file_metadata')?['body/LastModifiedBy']","top":1,"isSearchTermRequired":true},"authentication":"@parameters('$authentication')"}},"JsonForAC":{"runAfter":{"Compose":["Succeeded"]},"metadata":{"operationMetadataId":"1254d437-0140-4a49-9944-d42dec333d14"},"type":"Compose","inputs":{"type":"AdaptiveCard","$schema":"http://adaptivecards.io/schemas/adaptive-card.json","version":"1.4","body":[{"type":"TextBlock","text":"Copy file *@{triggerOutputs()?['body/Name']}* to Team:"},{"type":"Input.Text","placeholder":"New name without extension","label":"Enter new file name - optional","id":"NewName"},{"type":"Input.ChoiceSet","id":"selectedTeam","choices":"@outputs('Compose')","label":"Team Name"},{"type":"ActionSet","actions":[{"type":"Action.Submit","title":"Submit","id":"Submit"},{"type":"Action.Submit","title":"Cancel","id":"Cancel"}]}]}},"Compose":{"runAfter":{"Apply_to_each":["Succeeded"]},"metadata":{"operationMetadataId":"9947a2b7-d22e-438e-b961-609104b42b40"},"type":"Compose","inputs":"@sort(variables('vJsonForAdaptiveCard'),'title')"},"Initialize_variable_for_Channel_List":{"runAfter":{"Initialize_variable":["Succeeded"]},"metadata":{"operationMetadataId":"bf8ceb4e-4cf8-4081-a557-b34a2dc5a4c3"},"type":"InitializeVariable","inputs":{"variables":[{"name":"vChannelList","type":"array"}]}},"Find_Channel_Type":{"runAfter":{"Filter_array":["Succeeded"]},"metadata":{"operationMetadataId":"b19b2087-cf74-4ae3-ab75-92a71ecde3b8"},"type":"Compose","inputs":"@body('Filter_array')[0]?['membershipType']","description":"Used to determine the proper path to save files to"},"Filter_array":{"runAfter":{"Post_AC_for_Channel":["Succeeded"]},"metadata":{"operationMetadataId":"527d5f1a-bf44-40ea-996b-9c49619aa076"},"type":"Query","inputs":{"from":"@outputs('List_channels')?['body/value']","where":"@equals(item()['id'], split(body('Post_AC_for_Channel')['data']['selectedChannel'], '----')[1])"}},"Post_AC_for_Channel":{"runAfter":{"Json_for_Channel_List":["Succeeded"]},"limit":{"timeout":"PT8H"},"metadata":{"operationMetadataId":"7a5ae0f6-c28b-45e9-8cc3-de057e6251a6"},"type":"OpenApiConnectionWebhook","inputs":{"host":{"apiId":"/providers/Microsoft.PowerApps/apis/shared_teams","connectionName":"shared_teams","operationId":"PostCardAndWaitForResponse"},"parameters":{"poster":"Flow bot","location":"Chat with Flow bot","body/body/messageBody":"@outputs('Json_for_Channel_List')","body/body/updateMessage":"Thanks for your response!","body/body/recipient/to":"@{outputs('Search_for_users_(V2)')?['body/value'][0]?['Mail']}"},"authentication":"@parameters('$authentication')"}},"Json_for_Channel_List":{"runAfter":{"Sort_Channel_List":["Succeeded"]},"metadata":{"operationMetadataId":"037d9bce-05e9-41d8-bbed-714069f29a9a"},"type":"Compose","inputs":{"type":"AdaptiveCard","$schema":"http://adaptivecards.io/schemas/adaptive-card.json","version":"1.4","body":[{"type":"Input.ChoiceSet","id":"selectedChannel","choices":"@outputs('Sort_Channel_List')","label":"Channel Name"},{"type":"ActionSet","actions":[{"type":"Action.Submit","title":"Submit","id":"Submit"},{"type":"Action.Submit","title":"Cancel","id":"Cancel"}]}]}},"Sort_Channel_List":{"runAfter":{"Apply_to_each_1":["Succeeded"]},"metadata":{"operationMetadataId":"40d542de-b4a4-4761-a97b-2c2a76ceea53"},"type":"Compose","inputs":"@sort(variables('vChannelList'),'title')"},"Post_adaptive_card_and_wait_for_a_response":{"runAfter":{"JsonForAC":["Succeeded"]},"limit":{"timeout":"PT8H"},"metadata":{"operationMetadataId":"c623b0f4-083c-4a6b-b90c-50761bf9a9b7"},"type":"OpenApiConnectionWebhook","inputs":{"host":{"apiId":"/providers/Microsoft.PowerApps/apis/shared_teams","connectionName":"shared_teams","operationId":"PostCardAndWaitForResponse"},"parameters":{"poster":"Flow bot","location":"Chat with Flow bot","body/body/messageBody":"@outputs('JsonForAC')","body/body/updateMessage":"One moment... getting Channels!","body/body/recipient/to":"@{outputs('Search_for_users_(V2)')?['body/value'][0]?['Mail']}"},"authentication":"@parameters('$authentication')"}},"List_channels":{"runAfter":{"Condition_2":["Succeeded"]},"metadata":{"operationMetadataId":"96cb4396-00b1-416e-910a-1ee369144e40"},"type":"OpenApiConnection","inputs":{"host":{"apiId":"/providers/Microsoft.PowerApps/apis/shared_teams","connectionName":"shared_teams","operationId":"GetChannelsForGroup"},"parameters":{"groupId":"@body('Post_adaptive_card_and_wait_for_a_response')['data']['selectedTeam']"},"authentication":"@parameters('$authentication')"}},"Apply_to_each_1":{"foreach":"@body('List_channels')['Value']","actions":{"Append_to_Channel_List_variable":{"runAfter":{},"metadata":{"operationMetadataId":"07f8c0a1-889c-4527-a745-dacea8bc9310"},"type":"AppendToArrayVariable","inputs":{"name":"vChannelList","value":{"title":"@{items('Apply_to_each_1')?['displayName']}","value":"@{items('Apply_to_each_1')?['displayName']}----@{items('Apply_to_each_1')?['id']}"}}}},"runAfter":{"List_channels":["Succeeded"]},"metadata":{"operationMetadataId":"993733ff-01ad-4cae-ade1-c7bf7cf45bfb"},"type":"Foreach"},"Condition":{"actions":{"Get_file_metadata_using_path":{"runAfter":{"Switch":["Succeeded"]},"metadata":{"operationMetadataId":"5dadc61d-033a-4945-b73b-f01cd9ff3adc"},"type":"OpenApiConnection","inputs":{"host":{"apiId":"/providers/Microsoft.PowerApps/apis/shared_sharepointonline","connectionName":"shared_sharepointonline","operationId":"GetFileMetadataByPath"},"parameters":{"dataset":"@variables('vSiteURLtoSaveFile')","path":"@{variables('vFolderPathToSaveFile')}/@{variables('vFileName')}"},"authentication":"@parameters('$authentication')"}},"Terminate":{"runAfter":{"Post_message_in_a_chat_or_channel_3":["Succeeded"]},"metadata":{"operationMetadataId":"d982568d-b2a8-47f6-a5f1-764e42fd6674"},"type":"Terminate","inputs":{"runStatus":"Succeeded"}},"Create_file":{"runAfter":{"Get_file_metadata_using_path":["Failed"]},"metadata":{"operationMetadataId":"5f7411d5-2b72-4743-856a-4f76e8e967cd"},"type":"OpenApiConnection","inputs":{"host":{"apiId":"/providers/Microsoft.PowerApps/apis/shared_sharepointonline","connectionName":"shared_sharepointonline","operationId":"CreateFile"},"parameters":{"dataset":"@variables('vSiteURLtoSaveFile')","folderPath":"@variables('vFolderPathToSaveFile')","name":"@variables('vFileName')","body":"@outputs('Get_file_content_using_path')?['body']"},"authentication":"@parameters('$authentication')"}},"Switch":{"runAfter":{"Send_an_HTTP_request_V2":["Succeeded"]},"cases":{"Case":{"case":"private","actions":{"Set_variable":{"runAfter":{},"metadata":{"operationMetadataId":"7328df3b-70c4-464f-b148-f0390f9771ae"},"type":"SetVariable","inputs":{"name":"vSiteURLtoSaveFile","value":"@{body('Send_an_HTTP_request_V2')['Weburl']}-@{split(body('Post_AC_for_Channel')['data']['selectedChannel'], '----')[0]}"},"description":"The split is used to break out the channel name from the channel ID as both are returned by Adaptive Card"},"Set_variable_1":{"runAfter":{"Set_variable":["Succeeded"]},"metadata":{"operationMetadataId":"8686aafd-13f2-4693-9974-222b76736750"},"type":"SetVariable","inputs":{"name":"vFolderPathToSaveFile","value":"/Shared Documents/@{split(body('Post_AC_for_Channel')['data']['selectedChannel'], '----')[0]}"},"description":"For private channels, the Teams files has a sub folder with \"channel name\""}}},"Case 2":{"case":"standard","actions":{"Set_variable_4":{"runAfter":{},"metadata":{"operationMetadataId":"5a80e948-07c7-40bb-bc22-a58f7c5e497f"},"type":"SetVariable","inputs":{"name":"vSiteURLtoSaveFile","value":"@{body('Send_an_HTTP_request_V2')['Weburl']}"}},"Set_variable_5":{"runAfter":{"Set_variable_4":["Succeeded"]},"metadata":{"operationMetadataId":"5d6b8688-c167-42a0-89a5-57de2e6c2dd8"},"type":"SetVariable","inputs":{"name":"vFolderPathToSaveFile","value":"/Shared Documents/@{split(body('Post_AC_for_Channel')['data']['selectedChannel'], '----')[0]}"}}}},"Case 3":{"case":"unknownFutureValue","actions":{"Set_variable_7":{"runAfter":{"Set_variable_6":["Succeeded"]},"metadata":{"operationMetadataId":"b3b3970a-0fd5-4009-b624-da6770237dc7"},"type":"SetVariable","inputs":{"name":"vFolderPathToSaveFile","value":"/Shared Documents"},"description":"Please note that you do not need the channel name in path like private channels"},"Get_a_team":{"runAfter":{},"metadata":{"operationMetadataId":"e1e38874-a8e6-4c6d-996d-a65e726781de"},"type":"OpenApiConnection","inputs":{"host":{"apiId":"/providers/Microsoft.PowerApps/apis/shared_teams","connectionName":"shared_teams","operationId":"GetTeam"},"parameters":{"teamId":"@body('Post_adaptive_card_and_wait_for_a_response')?['data']?['selectedTeam']"},"authentication":"@parameters('$authentication')"},"description":"To get the team name to build the url"},"Set_variable_6":{"runAfter":{"Get_a_team":["Succeeded"]},"metadata":{"operationMetadataId":"9e97636a-2d89-42d0-b0a6-fb271dd8b35f"},"type":"SetVariable","inputs":{"name":"vSiteURLtoSaveFile","value":"@{substring(body('Send_an_HTTP_request_V2')['weburl'], 0, lastIndexOf(body('Send_an_HTTP_request_V2')['weburl'], '/'))}/@{replace(outputs('Get_a_team')?['body/displayName'],' ','')}-@{split(body('Post_AC_for_Channel')['data']['selectedChannel'], '----')[0]}"},"description":"First part is the weburl of the team, without the team name, then a slash, then team name without space, then a dash and channel name, this is most likely the right path to shared channel"}}}},"default":{"actions":{"Terminate_1":{"runAfter":{},"metadata":{"operationMetadataId":"94fb5591-21c6-427f-909a-73e4c4741ee5"},"type":"Terminate","inputs":{"runStatus":"Failed","runError":{"message":"Unknown channel type"}}}}},"expression":"@outputs('Find_Channel_Type')","metadata":{"operationMetadataId":"0aa1ddd1-54d2-4604-a3cb-be47f4c147f1"},"type":"Switch"},"Send_an_HTTP_request_V2":{"runAfter":{},"metadata":{"operationMetadataId":"b8d492b1-0d37-41ed-bb33-83046b2132e4"},"type":"OpenApiConnection","inputs":{"host":{"apiId":"/providers/Microsoft.PowerApps/apis/shared_office365groups","connectionName":"shared_office365groups","operationId":"HttpRequestV2"},"parameters":{"Uri":"https://graph.microsoft.com/v1.0/groups/@{body('Post_adaptive_card_and_wait_for_a_response')['data']['selectedTeam']}/sites/root?$select=webUrl","Method":"GET","ContentType":"application/json"},"authentication":"@parameters('$authentication')"},"description":"Used to get SharePoint site for Team, not used for Shared channels though"},"Post_message_in_a_chat_or_channel":{"runAfter":{"Get_file_metadata_using_path":["Succeeded"]},"metadata":{"operationMetadataId":"dee627f9-18ed-4c95-b69e-449ea00b48f5"},"type":"OpenApiConnection","inputs":{"host":{"apiId":"/providers/Microsoft.PowerApps/apis/shared_teams","connectionName":"shared_teams","operationId":"PostMessageToConversation"},"parameters":{"poster":"Flow bot","location":"Chat with Flow bot","body/recipient":"@{outputs('Search_for_users_(V2)')?['body/value'][0]?['Mail']};","body/messageBody":"<p><span style=\"white-space: pre-wrap;\">Please note that the file </span>@{variables('vFileName')}<span style=\"white-space: pre-wrap;\"> existed in that team already and was </span><b><strong style=\"white-space: pre-wrap;\">NOT</strong></b><span style=\"white-space: pre-wrap;\"> copied.</span></p>"},"authentication":"@parameters('$authentication')"}},"Post_message_in_a_chat_or_channel_2":{"runAfter":{"Create_file":["Failed"]},"metadata":{"operationMetadataId":"dee627f9-18ed-4c95-b69e-449ea00b48f5"},"type":"OpenApiConnection","inputs":{"host":{"apiId":"/providers/Microsoft.PowerApps/apis/shared_teams","connectionName":"shared_teams","operationId":"PostMessageToConversation"},"parameters":{"poster":"Flow bot","location":"Chat with Flow bot","body/recipient":"@{outputs('Search_for_users_(V2)')?['body/value'][0]?['Mail']};","body/messageBody":"<p>The file @{variables('vFileName')} was<strong> NOT </strong>copied. Most likely the destination team has been renamed in the past and this has broken this workflow.... sorry.</p>"},"authentication":"@parameters('$authentication')"}},"Terminate_2":{"runAfter":{"Post_message_in_a_chat_or_channel_2":["Succeeded"]},"metadata":{"operationMetadataId":"65bd980c-6784-4cd8-8c18-152e18ca31b0"},"type":"Terminate","inputs":{"runStatus":"Succeeded"}},"Post_message_in_a_chat_or_channel_3":{"runAfter":{"Create_file":["Succeeded"]},"metadata":{"operationMetadataId":"de25251b-3f0a-4a0d-8c5d-5644fa7ceae0"},"type":"OpenApiConnection","inputs":{"host":{"apiId":"/providers/Microsoft.PowerApps/apis/shared_teams","connectionName":"shared_teams","operationId":"PostMessageToConversation"},"parameters":{"poster":"Flow bot","location":"Chat with Flow bot","body/recipient":"@{outputs('Search_for_users_(V2)')?['body/value'][0]?['Mail']};","body/messageBody":"<p>Here is the file - <em></em><em>@{outputs('Create_file')?['body/DisplayName']}</em><em></em> - in the new location:<br>\n<a href=\"@{variables('vSiteURLtoSaveFile')}@{outputs('Create_file')?['body/Path']}\">@{variables('vSiteURLtoSaveFile')}@{outputs('Create_file')?['body/Path']}</a>&nbsp;</p>"},"authentication":"@parameters('$authentication')"}}},"runAfter":{"Find_Channel_Type":["Succeeded"]},"expression":{"and":[{"equals":["@body('Post_adaptive_card_and_wait_for_a_response')['submitActionID']","Submit"]}]},"metadata":{"operationMetadataId":"a9844855-f0ed-46c1-ad49-f7bf51e39826"},"type":"If"},"Initialize_SiteURLtoSaveFile":{"runAfter":{"Initialize_variable_for_Channel_List":["Succeeded"]},"metadata":{"operationMetadataId":"77923d49-fe1d-4698-a8ab-c618509a5cd4"},"type":"InitializeVariable","inputs":{"variables":[{"name":"vSiteURLtoSaveFile","type":"string"}]}},"Initialize_FolderPathToSaveFile":{"runAfter":{"Initialize_SiteURLtoSaveFile":["Succeeded"]},"metadata":{"operationMetadataId":"49caf408-e4be-4727-90d5-a5c3566ce080"},"type":"InitializeVariable","inputs":{"variables":[{"name":"vFolderPathToSaveFile","type":"string"}]}},"Initialize_variable_FileName":{"runAfter":{"Initialize_FolderPathToSaveFile":["Succeeded"]},"metadata":{"operationMetadataId":"91b27813-ca50-4f58-8d0e-7566a2ede2d7"},"type":"InitializeVariable","inputs":{"variables":[{"name":"vFileName","type":"string"}]}},"Condition_2":{"actions":{"Set_variable_2":{"runAfter":{},"metadata":{"operationMetadataId":"2b9c7784-d3f1-4b42-9210-07f009e7306e"},"type":"SetVariable","inputs":{"name":"vFileName","value":"@triggerOutputs()?['body/Name']"}}},"runAfter":{"Post_adaptive_card_and_wait_for_a_response":["Succeeded"]},"else":{"actions":{"Set_variable_3":{"runAfter":{},"metadata":{"operationMetadataId":"12490818-9dc1-4bb3-8c5e-bc615e997703"},"type":"SetVariable","inputs":{"name":"vFileName","value":"@{body('Post_adaptive_card_and_wait_for_a_response')?['data']?['newName']}.@{last(split(triggerOutputs()?['body/Name'], '.')) }"},"description":"File name from adaptive card (if something entered in), then a period, then the extension from original file name"}}},"expression":{"equals":["@empty(body('Post_adaptive_card_and_wait_for_a_response')?['data']?['newName'])",true]},"metadata":{"operationMetadataId":"3792a369-e2a7-4352-bb23-178e1fbbc554"},"type":"If"}},"outputs":{}},"connectionReferences":{"shared_onedriveforbusiness":{"connectionName":"shared-onedriveforbu-7ea3bb5f-0809-4194-8be5-864e-2f73bb4d","source":"Embedded","id":"/providers/Microsoft.PowerApps/apis/shared_onedriveforbusiness","tier":"NotSpecified"},"shared_teams":{"connectionName":"shared-teams-6012a92b-25ef-431e-96fc-475e-79b78ffd","source":"Embedded","id":"/providers/Microsoft.PowerApps/apis/shared_teams","tier":"NotSpecified"},"shared_office365users":{"connectionName":"shared-office365user-08dd839e-31c4-451d-9f42-0f7588bf436f","source":"Embedded","id":"/providers/Microsoft.PowerApps/apis/shared_office365users","tier":"NotSpecified"},"shared_sharepointonline":{"connectionName":"84807e50cd23446c8ce9599ae756ca85","source":"Embedded","id":"/providers/Microsoft.PowerApps/apis/shared_sharepointonline","tier":"NotSpecified"},"shared_office365groups":{"connectionName":"d90a2cae55684d4abeaa849b8d417317","source":"Embedded","id":"/providers/Microsoft.PowerApps/apis/shared_office365groups","tier":"NotSpecified"}},"flowFailureAlertSubscribed":false,"isManaged":false}}