{"name":"c0155b67-c7cf-4884-b443-715f5e363310","id":"/providers/Microsoft.Flow/flows/c0155b67-c7cf-4884-b443-715f5e363310","type":"Microsoft.Flow/flows","properties":{"apiId":"/providers/Microsoft.PowerApps/apis/shared_logicflows","displayName":"Subjects - General - Add subject please","definition":{"metadata":{"workflowEntityId":null,"processAdvisorMetadata":null,"flowclientsuspensionreason":"NeverTriggeringDetected","flowclientsuspensionreasondetails":null,"flowclientsuspensiontime":"2023-03-17T20:26:54.5265347Z","creator":{"id":"67029617-c8ae-4bd1-b424-71d34c923a88","type":"User","tenantId":"b2bae154-d75a-40ca-8e47-f5aa957802c5"},"provisioningMethod":"FromDefinition","failureAlertSubscription":true,"clientLastModifiedTime":"2023-03-17T20:26:54.5265347Z"},"$schema":"https://schema.management.azure.com/providers/Microsoft.Logic/schemas/2016-06-01/workflowdefinition.json#","contentVersion":"1.0.0.0","parameters":{"$connections":{"defaultValue":{},"type":"Object"},"$authentication":{"defaultValue":{},"type":"SecureObject"}},"triggers":{"When_a_new_channel_message_is_added":{"recurrence":{"frequency":"Minute","interval":1},"splitOn":"@triggerBody()","metadata":{"flowSystemMetadata":{"swaggerOperationId":"OnNewChannelMessage"},"operationMetadataId":"208672d6-e83b-48f7-ad3a-8953037903ab"},"type":"ApiConnection","inputs":{"host":{"connection":{"name":"@parameters('$connections')['shared_teams']['connectionId']"},"api":{"runtimeUrl":"https://canada-001.azure-apim.net/apim/teams"}},"method":"get","path":"/trigger/beta/teams/@{encodeURIComponent('20f5fa9d-2745-4b17-9ee6-3367868993db')}/channels/@{encodeURIComponent('19:7c16a38b0c2548efae6405adb1336e7d@thread.tacv2')}/messages","queries":{"$top":50},"authentication":"@parameters('$authentication')"},"conditions":[{"expression":"@not(or(startswith(triggerBody()?['body']?['content'],'Scheduled'),or(startswith(triggerBody()?['body']?['content'],'<attachment')),or(startswith(triggerBody()?['body']?['contentType'],'html'))))"}]}},"actions":{"Condition":{"actions":{"Post_a_reply_to_a_message_(V2)_2":{"runAfter":{},"metadata":{"flowSystemMetadata":{"swaggerOperationId":"PostReplyToMessageV2"},"operationMetadataId":"596abe47-6397-4e79-92a4-5c927fd7c978"},"type":"ApiConnection","inputs":{"host":{"connection":{"name":"@parameters('$connections')['shared_teams']['connectionId']"},"api":{"runtimeUrl":"https://canada-001.azure-apim.net/apim/teams"}},"method":"post","body":{"body":{"content":"<p>@{variables('Random Response')}</p>","contentType":"html"}},"path":"/v2/beta/teams/@{encodeURIComponent('20f5fa9d-2745-4b17-9ee6-3367868993db')}/channels/@{encodeURIComponent('19:7c16a38b0c2548efae6405adb1336e7d@thread.tacv2')}/messages/@{encodeURIComponent(triggerBody()?['id'])}/replies","authentication":"@parameters('$authentication')"}}},"runAfter":{"Switch":["Succeeded"]},"expression":{"equals":["@triggerBody()?['subject']","@null"]},"metadata":{"operationMetadataId":"5f033d56-16b6-41bb-a56a-1a80d971be5e"},"type":"If"},"Initialize_variable":{"runAfter":{},"metadata":{"operationMetadataId":"1b9bef8d-34d8-431b-99a2-a3a1e051c284"},"type":"InitializeVariable","inputs":{"variables":[{"name":"Random Response","type":"string"}]}},"Switch":{"runAfter":{"Initialize_variable":["Succeeded"]},"cases":{"Case":{"case":1,"actions":{"Set_variable":{"runAfter":{},"type":"SetVariable","inputs":{"name":"Random Response","value":"Can't believe what we were subjected to at the 2022 Oscar's.... that doesn't mean you don't need a \"subject\" for this message!\n\nPlease hit Ctrl+Shift+X on your message to expand the compose box."}}}},"Case_2":{"case":2,"actions":{"Set_variable_2":{"runAfter":{},"type":"SetVariable","inputs":{"name":"Random Response","value":"Being polite in public perhaps is not a \"subject\" in school, but subjects are still required for these threads!\n\nHit the \"up arrow\" to go to edit your last message and hit the \"format message\" icon - looks like an A and a pencil."}}}},"Case_3":{"case":3,"actions":{"Set_variable_3":{"runAfter":{},"type":"SetVariable","inputs":{"name":"Random Response","value":"The loyal subjects of the Academy would love if you added a subject to this message!"}}}}},"default":{"actions":{}},"expression":"@rand(1,4)","metadata":{"operationMetadataId":"79754561-eb48-42ef-9c90-81fbc5cfcab6"},"type":"Switch"}}},"connectionReferences":{"shared_teams":{"connectionName":"765585565892435eaa457cdd95ee41c8","source":"Embedded","id":"/providers/Microsoft.PowerApps/apis/shared_teams","tier":"NotSpecified"}},"flowFailureAlertSubscribed":false,"isManaged":false}}