{
  "properties": {
    "connectionReferences": {
      "shared_microsoftforms-1": {
        "runtimeSource": "embedded",
        "connection": {
          "connectionReferenceLogicalName": "jcbx_sharedmicrosoftforms_f8149"
        },
        "api": {
          "name": "shared_microsoftforms"
        }
      },
      "shared_office365": {
        "runtimeSource": "embedded",
        "connection": {
          "connectionReferenceLogicalName": "new_sharedoffice365_4cc51"
        },
        "api": {
          "name": "shared_office365"
        }
      },
      "shared_office365users": {
        "runtimeSource": "embedded",
        "connection": {
          "connectionReferenceLogicalName": "jcbx_sharedoffice365users_74c29"
        },
        "api": {
          "name": "shared_office365users"
        }
      }
    },
    "definition": {
      "$schema": "https://schema.management.azure.com/providers/Microsoft.Logic/schemas/2016-06-01/workflowdefinition.json#",
      "contentVersion": "1.0.0.0",
      "parameters": {
        "$authentication": {
          "defaultValue": {},
          "type": "SecureObject"
        },
        "$connections": {
          "defaultValue": {},
          "type": "Object"
        }
      },
      "triggers": {
        "When_a_new_response_is_submitted": {
          "splitOn": "@triggerOutputs()?['body/value']",
          "metadata": {
            "operationMetadataId": "7dfdb71c-1fa1-4412-8432-78c1699b3a00"
          },
          "type": "OpenApiConnectionWebhook",
          "inputs": {
            "parameters": {
              "form_id": "VOG6slrXykCOR_WqlXgCxReWAmeuyNFLtCRx00ySOohUOFozWVBON0M5OUEzRzJFQUoyTTFQTjRHNi4u"
            },
            "host": {
              "apiId": "/providers/Microsoft.PowerApps/apis/shared_microsoftforms",
              "operationId": "CreateFormWebhook",
              "connectionName": "shared_microsoftforms-1"
            }
          }
        }
      },
      "actions": {
        "Get_response_details": {
          "runAfter": {
            "READ_THIS": [
              "Succeeded"
            ]
          },
          "metadata": {
            "operationMetadataId": "d36b348c-6c72-4bd0-8895-8320bcfac4de"
          },
          "type": "OpenApiConnection",
          "inputs": {
            "parameters": {
              "form_id": "VOG6slrXykCOR_WqlXgCxReWAmeuyNFLtCRx00ySOohUOFozWVBON0M5OUEzRzJFQUoyTTFQTjRHNi4u",
              "response_id": "@triggerOutputs()?['body/resourceData/responseId']"
            },
            "host": {
              "apiId": "/providers/Microsoft.PowerApps/apis/shared_microsoftforms",
              "operationId": "GetFormResponseById",
              "connectionName": "shared_microsoftforms-1"
            }
          }
        },
        "Apply_to_each": {
          "foreach": "@variables('vEvents')",
          "actions": {
            "condition": {
              "actions": {
                "get_event": {
                  "metadata": {
                    "operationMetadataId": "7c4e9425-bd99-44a5-a101-16f6ca3ee6e4"
                  },
                  "type": "OpenApiConnection",
                  "inputs": {
                    "parameters": {
                      "table": "AAMkAGMyNjU4YmRlLTg0ZDUtNDUyMi04ZDg5LTM5MTA0MTM0ZGQ0NgBGAAAAAAD9iH7YQ0StQ4OXpik5woE8BwBgIvPrtC2GRp85sgRA0euSAAAAAAEGAABgIvPrtC2GRp85sgRA0euSAAAAACDtAAA=",
                      "id": "@string(item()['event ID'])"
                    },
                    "host": {
                      "apiId": "/providers/Microsoft.PowerApps/apis/shared_office365",
                      "operationId": "V3CalendarGetItem",
                      "connectionName": "shared_office365"
                    }
                  },
                  "description": "Has to be converted to a string or following actions won't work."
                },
                "Apply_to_each_1": {
                  "foreach": "@split(outputs('get_event')?['body/optionalAttendees'],';')\r\n",
                  "actions": {
                    "Condition_for_Not_empty": {
                      "actions": {
                        "Get_user_profile_(V2)": {
                          "metadata": {
                            "operationMetadataId": "a15ae16d-c3f9-48fa-b322-5aa0462e8eb5"
                          },
                          "type": "OpenApiConnection",
                          "inputs": {
                            "parameters": {
                              "id": "@item()"
                            },
                            "host": {
                              "apiId": "/providers/Microsoft.PowerApps/apis/shared_office365users",
                              "operationId": "UserProfile_V2",
                              "connectionName": "shared_office365users"
                            }
                          }
                        },
                        "Append_to_string_variable": {
                          "runAfter": {
                            "Get_user_profile_(V2)": [
                              "Succeeded"
                            ]
                          },
                          "metadata": {
                            "operationMetadataId": "31248dda-c5d3-47e2-b179-fddaac53aae3"
                          },
                          "type": "AppendToStringVariable",
                          "inputs": {
                            "name": "vJsonForRequest",
                            "value": " {\n      \"emailAddress\": {\n        \"address\": \"@{outputs('Get_user_profile_(V2)')?['body/mail']}\",\n        \"name\": \"@{outputs('Get_user_profile_(V2)')?['body/displayName']}\"\n      },\n      \"type\": \"optional\"\n    },"
                          }
                        }
                      },
                      "else": {
                        "actions": {}
                      },
                      "expression": {
                        "and": [
                          {
                            "not": {
                              "equals": [
                                "@item()",
                                ""
                              ]
                            }
                          }
                        ]
                      },
                      "metadata": {
                        "operationMetadataId": "c1df3ddb-9ae1-4a02-a8b9-05f3b758b313"
                      },
                      "type": "If",
                      "description": "This will add all the existing optionals into the event again, as the final action would have wiped them out if not included in the JSON"
                    }
                  },
                  "runAfter": {
                    "get_event": [
                      "Succeeded"
                    ]
                  },
                  "metadata": {
                    "operationMetadataId": "bac5e065-0b8b-4a5a-a748-a2421e2a4cbe"
                  },
                  "type": "Foreach",
                  "description": "Use split to turn attendees into an array.  We need to get existing attendees as they need to be specified as well or they will be wiped out."
                },
                "Get_user_profile_(V2)_1": {
                  "runAfter": {
                    "Apply_to_each_1": [
                      "Succeeded"
                    ]
                  },
                  "metadata": {
                    "operationMetadataId": "58cc9a05-6485-460a-a575-fc95fe3c4a9d"
                  },
                  "type": "OpenApiConnection",
                  "inputs": {
                    "parameters": {
                      "id": "@body('Get_response_details')?['responder']"
                    },
                    "host": {
                      "apiId": "/providers/Microsoft.PowerApps/apis/shared_office365users",
                      "operationId": "UserProfile_V2",
                      "connectionName": "shared_office365users"
                    }
                  }
                },
                "Send_an_HTTP_request": {
                  "runAfter": {
                    "Get_user_profile_(V2)_1": [
                      "Succeeded"
                    ]
                  },
                  "metadata": {
                    "operationMetadataId": "fe1cd97e-b8fe-4f0d-87ec-9f498c5e78df"
                  },
                  "type": "OpenApiConnection",
                  "inputs": {
                    "parameters": {
                      "Uri": "https://graph.microsoft.com/v1.0/me/events/@{outputs('get_event')?['body/id']}",
                      "Method": "PATCH",
                      "Body": "{\n  \"attendees\": [\n @{variables('vJsonForRequest')}  \n {\n      \"emailAddress\": {\n        \"address\": \"@{outputs('Get_user_profile_(V2)_1')?['body/mail']}\",\n        \"name\": \"@{outputs('Get_user_profile_(V2)_1')?['body/displayName']}\"\n      },\n      \"type\": \"optional\"\n    }\n  ]\n}",
                      "ContentType": "application/json"
                    },
                    "host": {
                      "apiId": "/providers/Microsoft.PowerApps/apis/shared_office365",
                      "operationId": "HttpRequest",
                      "connectionName": "shared_office365"
                    }
                  }
                },
                "Set_variable": {
                  "runAfter": {
                    "Send_an_HTTP_request": [
                      "Succeeded"
                    ]
                  },
                  "metadata": {
                    "operationMetadataId": "75fcd8d6-e2de-4da3-83a7-4b0c462351a5"
                  },
                  "type": "SetVariable",
                  "inputs": {
                    "name": "vJsonForRequest",
                    "value": "@null"
                  },
                  "description": "Cleanup variable"
                }
              },
              "else": {
                "actions": {}
              },
              "expression": {
                "and": [
                  {
                    "contains": [
                      "@string(body('Get_response_details'))",
                      "@item()['event Name']"
                    ]
                  }
                ]
              },
              "metadata": {
                "operationMetadataId": "4d836220-9208-49c4-b0b9-51dbc0041706"
              },
              "type": "If",
              "description": "Make sure you change the response body to a string so condition will work"
            }
          },
          "runAfter": {
            "Apply_to_each_2": [
              "Succeeded"
            ]
          },
          "metadata": {
            "operationMetadataId": "a91ba680-bb9c-48bc-8a89-a1eca1aa55d1"
          },
          "type": "Foreach"
        },
        "Init_vEvents": {
          "runAfter": {
            "Init_Responses_as_Array": [
              "Succeeded"
            ]
          },
          "metadata": {
            "operationMetadataId": "ed8a495f-5a50-47d1-82f7-771fc4eb2504"
          },
          "type": "InitializeVariable",
          "inputs": {
            "variables": [
              {
                "name": "vEvents",
                "type": "array"
              }
            ]
          }
        },
        "Init_vJsonForRequest": {
          "runAfter": {
            "Init_vEvents": [
              "Succeeded"
            ]
          },
          "metadata": {
            "operationMetadataId": "c90a2559-82f3-4074-8f86-90d8db72a732"
          },
          "type": "InitializeVariable",
          "inputs": {
            "variables": [
              {
                "name": "vJsonForRequest",
                "type": "string"
              }
            ]
          }
        },
        "Apply_to_each_2": {
          "foreach": "@variables('vInitResponsesAsArray')",
          "actions": {
            "Event_Name_Cleaned_Up": {
              "type": "Compose",
              "inputs": "@replace(replace(replace(replace(replace(item(), '\\\"', ''), '[', ''), ']', ''), '\\\\', ''), '\"', '')",
              "description": "Takes out the \", \\, [, and ] from the event name as Form response had extra characters"
            },
            "Get_events_(V4)_1": {
              "runAfter": {
                "Event_Name_Cleaned_Up": [
                  "Succeeded"
                ]
              },
              "type": "OpenApiConnection",
              "inputs": {
                "parameters": {
                  "table": "AAMkAGMyNjU4YmRlLTg0ZDUtNDUyMi04ZDg5LTM5MTA0MTM0ZGQ0NgBGAAAAAAD9iH7YQ0StQ4OXpik5woE8BwBgIvPrtC2GRp85sgRA0euSAAAAAAEGAABgIvPrtC2GRp85sgRA0euSAAAAACDtAAA=",
                  "$filter": "contains(subject, '@{outputs('Event_Name_Cleaned_Up')}')",
                  "$top": 1
                },
                "host": {
                  "apiId": "/providers/Microsoft.PowerApps/apis/shared_office365",
                  "operationId": "V4CalendarGetItems",
                  "connectionName": "shared_office365"
                }
              },
              "description": "Important - Can only be one event that matches, it will pick the first event to add to.  So name all your events differently"
            },
            "Append_to_array_variable": {
              "runAfter": {
                "Get_events_(V4)_1": [
                  "Succeeded"
                ]
              },
              "type": "AppendToArrayVariable",
              "inputs": {
                "name": "vEvents",
                "value": {
                  "event ID": "@{body('Get_events_(V4)_1')['value'][0]['id']}",
                  "event Name": "@{outputs('Event_Name_Cleaned_Up')}"
                }
              },
              "description": "Takes the events chosen and builds JSON to be used as event name and ID."
            }
          },
          "runAfter": {
            "Init_vJsonForRequest": [
              "Succeeded"
            ]
          },
          "type": "Foreach"
        },
        "Init_Responses_as_Array": {
          "runAfter": {
            "Get_response_details": [
              "Succeeded"
            ]
          },
          "type": "InitializeVariable",
          "inputs": {
            "variables": [
              {
                "name": "vInitResponsesAsArray",
                "type": "array",
                "value": "@split(body('Get_response_details')?['rb7b88c7238dc4dff9b2872b6f0e2d265'],',')"
              }
            ]
          },
          "description": "Gets the choices that were selected from the Form questions"
        },
        "READ_THIS": {
          "runAfter": {},
          "type": "Compose",
          "inputs": "V 1.0.0.2\n\nConfigure Actions:\n1. Trigger - Specify the form\n2. Outlook Actions - Specify your calendar (2 actions)\n\nImportant Notes:\n1. Only works on internal employees.\n2. Need to specify your calendar in all Outlook actions (edit those items).\n3. Make sure event in calendar has a unique name, or unexpected result might happen.\n4. Adds new attendees as \"optional\"\n5. Will keep existing \"optional\" but will wipe all \"required\" etc… out of the meeting.\n6. May require graph api access.\n7. Does not require premium connections.\n8. Form is not tested with more than 1 question in it\n9. Form may require multi choice question.\n10. Make sure choice in form is exactly same as Event name in your Outlook."
        }
      },
      "outputs": {}
    },
    "templateName": null
  },
  "schemaVersion": "1.0.0.0"
}